category,BOTTOMS,DRESSES,OUTERWEAR,TOPS
BOTTOMS,1.0,-0.048286895965785843,-0.02762454715693402,-0.05504718162055368
DRESSES,-0.048286895965785843,1.0,-0.02898371543710014,-0.057755583779914146
OUTERWEAR,-0.02762454715693402,-0.02898371543710014,1.0,-0.03304150775885368
TOPS,-0.05504718162055368,-0.057755583779914146,-0.03304150775885368,1.0
